ID,Username,Email,Role,First Name,Last Name,Created At,Last Login,Login Count,Enrollments,Submissions
3,flipbrickzmusic1@gmail.com,flipbrickzmusic1@gmail.com,admin,,,2026-07-17 13:01,Never,0,0,0
7,admin@gmail.com,admin@gmail.com,admin,,,2026-07-17 13:01,Never,0,0,0
8,admin@example.com,admin@example.com,admin,,,2026-07-17 13:01,Never,0,0,0
13,Teacher,adam@thedigitalacademy.co.za,teacher,,,2026-08-03 20:17,2026-09-03 16:20,9,0,0
28,Qetho,tnqetho1106@gmail.com,student,,,2026-09-02 09:54,2026-09-09 20:34,2,1,0
24,Fayda Mmanthopeng,mmanthopengmoremi203@gmail.com,student,,,2026-09-02 09:23,2026-09-03 07:46,1,1,0
30,Sihle Mofokeng,sihle.mofokeng96@gmail.com,student,,,2026-09-17 09:56,2026-09-17 10:01,1,1,0
20,Londi,londitembe@gmail.com,student,Londi,Tembe,2026-09-02 08:39,2026-09-03 09:42,1,0,0
15,Sihle Sean ,mofokengsihle63@gmail.com,student,Sihle,mofokeng,2026-08-20 12:23,2026-08-20 12:29,2,0,0
22,Dinah Molea,dinahmolea@gmail.com,student,,,2026-09-02 09:19,Never,0,1,0
23,Rivaldo Majosi,majosirivaldo66@gmail.com,student,,,2026-09-02 09:20,Never,0,1,0
21,Tefo,tefomh@gmail.com,student,,,2026-09-02 08:40,2026-09-03 10:04,1,1,0
19,Lebohang,commandolebohang4@gmail.com,student,,,2026-08-31 11:51,Never,0,1,0
26,Mpho Mofokeng,mphomofokeng566@gmail.com,student,,,2026-09-02 09:27,Never,0,1,0
27,Hope,thekohope@gmail.com,student,,,2026-09-02 09:53,Never,0,1,0
14,Pace Academy ,paceacademy43@gmail.com,teacher,,,2026-08-07 10:24,2026-09-28 17:22,47,0,0
18,Luvuyo,moyenigiftluvuyo@gmail.com,student,,,2026-08-31 11:50,2026-08-31 13:35,2,1,0
29,LuvuyoTeacher,13292102@mylife.unisa.ac.za,teacher,,,2026-09-02 10:22,Never,0,0,0
16,Gasa,msomigasa3@gmail.com,teacher,,,2026-08-27 10:26,Never,0,0,0
17,Fliph106@#,learner@gmail.com,student,,,2026-08-31 09:13,2026-09-28 17:51,14,2,3
25,Lindiwe Sibanyoni,sibanyonilindiwe12@gmail.com,student,,,2026-09-02 09:26,2026-09-02 12:39,9,1,0
1,admin,admin@pace.com,admin,,,2026-07-17 13:00,2026-09-28 18:02,65,0,0
31,Busi,busisiwetshongozi@gmail.com,student,,,2026-09-28 18:05,Never,0,0,0
12,Adam,adamdono100@gmail.com,teacher,,,2026-08-03 19:29,2026-09-25 12:19,21,3,4
